header,hg38,mm10,rheMac3,phylop_score,phastcon_score
bp_1,A,A,A,0.49,0.691
bp_2,T,T,T,0.499,0.699
bp_3,G,G,G,0.596,0.703
bp_4,G,G,G,0.596,0.703
bp_5,G,G,G,0.596,0.697
bp_6,G,G,G,0.596,0.686
bp_7,A,A,A,0.49,0.667
bp_8,A,A,A,0.49,0.642
bp_9,C,C,C,0.443,0.609
bp_10,C,A,C,-0.683,0.566
bp_11,G,G,G,0.596,0.549
bp_12,C,C,C,0.443,0.523
bp_13,A,A,A,0.49,0.489
bp_14,G,G,G,0.596,0.444
bp_15,C,C,C,0.443,0.379
bp_16,A,G,A,-0.287,0.296
bp_17,C,C,C,0.443,0.251
bp_18,C,T,C,-0.405,0.195
bp_19,G,A,G,-0.265,0.167
bp_20,C,C,C,0.443,0.152
bp_21,G,T,G,-0.528,0.133
bp_22,G,G,G,0.596,0.125
bp_23,A,A,A,0.49,0.112
bp_24,C,G,C,-0.578,0.094
bp_25,G,G,C,-1.335,0.087
bp_26,C,A,C,-0.683,0.085
bp_27,G,C,G,-0.511,0.09
bp_28,G,G,G,0.596,0.103
bp_29,A,G,A,-0.287,0.111
bp_30,C,T,C,-0.405,0.129
bp_31,G,G,G,0.596,0.163
bp_32,G,G,G,0.596,0.187
bp_33,G,G,G,0.596,0.202
bp_34,C,C,C,0.443,0.211
bp_35,T,T,T,0.499,0.216
bp_36,G,G,G,0.596,0.218
bp_37,C,T,C,-0.405,0.215
bp_38,T,T,T,0.499,0.22
bp_39,G,G,G,0.596,0.221
bp_40,G,G,G,0.596,0.217
bp_41,C,C,C,0.443,0.209
bp_42,T,C,C,-1.258,0.196
bp_43,G,G,G,0.596,0.195
bp_44,G,G,G,0.596,0.189
bp_45,G,G,A,-0.872,0.178
bp_46,C,C,C,0.443,0.175
bp_47,G,G,G,0.596,0.169
bp_48,C,T,C,-0.405,0.159
bp_49,G,G,G,0.596,0.156
bp_50,G,G,G,0.596,0.149
bp_51,G,G,G,0.596,0.136
bp_52,C,C,C,0.443,0.117
bp_53,C,C,C,0.443,0.091
bp_54,G,A,G,-0.265,0.058
bp_55,G,G,G,0.596,0.04
bp_56,C,A,G,-1.901,0.013
bp_57,C,A,C,-0.683,0.008
bp_58,G,T,G,-0.528,0.006
bp_59,C,C,C,0.443,0.005
bp_60,G,C,G,-0.511,0.003
bp_61,G,C,G,-0.511,0.003
bp_62,G,T,G,-0.528,0.003
bp_63,G,G,G,0.596,0.004
bp_64,G,G,G,0.596,0.003
bp_65,C,G,C,-0.578,0.002
bp_66,A,G,G,-0.918,0.002
bp_67,T,A,G,-1.919,0.001
bp_68,C,C,C,0.443,0.003
bp_69,T,T,T,0.499,0.004
bp_70,G,G,G,0.596,0.004
bp_71,C,G,C,-0.578,0.002
bp_72,G,C,G,-0.511,0.002
bp_73,G,G,G,0.596,0.002
bp_74,G,C,G,-0.511,0.001
bp_75,G,C,G,-0.511,0.001
bp_76,G,G,C,-1.335,0
bp_77,C,G,T,-1.876,0
bp_78,A,G,G,-0.918,0
bp_79,T,C,G,-1.955,0
bp_80,C,T,C,-0.405,0.001
bp_81,T,T,A,-1.538,0.001
bp_82,G,G,G,0.596,0.002
bp_83,C,G,G,-1.38,0.002
bp_84,G,G,G,0.596,0.002
bp_85,G,G,C,-1.335,0.001
bp_86,G,G,C,-1.335,0.001
bp_87,G,C,G,-0.511,0.001
bp_88,C,G,G,-1.38,0
bp_89,T,C,G,-1.955,0
bp_90,G,G,C,-1.335,0.001
bp_91,G,G,G,0.596,0.001
bp_92,C,G,C,-0.578,0.001
bp_93,T,C,G,-1.955,0.001
bp_94,G,G,G,0.596,0.001
bp_95,G,C,C,-1.541,0.001
bp_96,G,G,G,0.596,0.002
bp_97,C,G,G,-1.38,0.001
bp_98,A,C,C,-1.717,0.001
bp_99,G,G,G,0.596,0.001
bp_100,G,G,C,-1.335,0.001
bp_101,G,C,T,-1.99,0
bp_102,C,G,G,-1.38,0
bp_103,G,C,G,-0.511,0
bp_104,C,T,T,-1.177,0.001
bp_105,G,G,T,-1.38,0.001
bp_106,G,G,G,0.596,0.001
bp_107,C,T,G,-1.956,0.001
bp_108,G,G,A,-0.872,0.001
bp_109,G,G,G,0.596,0.001
bp_110,C,G,G,-1.38,0.001
bp_111,G,G,C,-1.335,0.001
bp_112,C,G,G,-1.38,0.001
bp_113,T,G,T,-0.57,0.001
bp_114,G,C,G,-0.511,0.001
bp_115,G,G,C,-1.335,0.001
bp_116,T,T,T,0.499,0.002
bp_117,G,G,G,0.596,0.002
bp_118,G,C,C,-1.541,0.001
bp_119,G,T,T,-1.483,0.001
bp_120,G,G,C,-1.335,0
bp_121,G,C,A,-1.771,0
bp_122,G,T,T,-1.483,0.001
bp_123,C,C,C,0.443,0.001
bp_124,G,A,G,-0.265,0.001
bp_125,T,T,G,-1.428,0.001
bp_126,G,C,C,-1.541,0
bp_127,C,G,G,-1.38,0
bp_128,T,G,C,-1.875,0
bp_129,G,C,G,-0.511,0
bp_130,C,T,G,-1.956,0
bp_131,T,T,T,0.499,0.001
bp_132,C,G,G,-1.38,0.001
bp_133,A,G,C,-1.975,0
bp_134,T,T,T,0.499,0.001
bp_135,C,G,C,-0.578,0.001
bp_136,G,T,G,-0.528,0
bp_137,G,T,C,-1.984,0
bp_138,C,G,G,-1.38,0.001
bp_139,G,G,G,0.596,0.001
bp_140,C,C,G,-1.499,0.001
bp_141,G,A,G,-0.265,0.001
bp_142,G,G,A,-0.872,0
bp_143,T,G,A,-1.987,0
bp_144,G,G,C,-1.335,0
bp_145,C,A,T,-1.961,0
bp_146,T,A,C,-1.952,0
bp_147,C,C,G,-1.499,0
bp_148,G,T,C,-1.984,0
bp_149,C,C,T,-1.214,0
bp_150,G,G,C,-1.335,0
bp_151,G,C,G,-0.511,0
bp_152,G,T,T,-1.483,0
bp_153,G,C,G,-0.511,0
bp_154,A,G,T,-1.957,0
bp_155,A,T,G,-1.777,0
bp_156,C,G,C,-0.578,0
bp_157,T,T,G,-1.428,0
bp_158,C,G,T,-1.876,0
bp_159,G,C,G,-0.511,0
bp_160,C,G,A,-2.001,0
bp_161,T,T,G,-1.428,0
bp_162,C,G,C,-0.578,0
bp_163,G,A,G,-0.265,0
bp_164,T,G,T,-0.57,0
bp_165,G,C,G,-0.511,0
bp_166,T,G,G,-1.432,0
bp_167,G,T,C,-1.984,0
bp_168,C,G,C,-0.578,0
bp_169,G,G,A,-0.872,0
bp_170,T,C,C,-1.258,0
bp_171,G,C,C,-1.541,0
bp_172,A,T,G,-1.777,0
bp_173,G,C,A,-1.771,0
bp_174,C,C,G,-1.499,0
bp_175,G,G,C,-1.335,0
bp_176,T,A,G,-1.919,0
bp_177,G,G,C,-1.335,0
bp_178,G,C,G,-0.511,0
bp_179,C,G,C,-0.578,0.001
bp_180,C,C,C,0.443,0.001
bp_181,A,A,C,-1.557,0.001
bp_182,C,C,T,-1.214,0.001
bp_183,C,G,G,-1.38,0.001
bp_184,G,C,C,-1.541,0.001
bp_185,A,T,A,-0.641,0.001
bp_186,G,G,G,0.596,0.001
bp_187,C,C,A,-1.661,0.001
bp_188,G,A,C,-1.87,0
bp_189,C,G,G,-1.38,0
bp_190,G,A,C,-1.87,0
bp_191,C,C,C,0.443,0.001
bp_192,C,A,C,-0.683,0
bp_193,C,C,A,-1.661,0
bp_194,T,C,C,-1.258,0
bp_195,G,C,C,-1.541,0
bp_196,C,A,A,-1.635,0
bp_197,A,C,A,-0.659,0
bp_198,G,C,C,-1.541,0
bp_199,A,A,T,-1.538,0
bp_200,C,A,C,-0.683,0
bp_201,G,C,C,-1.541,0
bp_202,C,T,T,-1.177,0
bp_203,C,A,T,-1.961,0
bp_204,C,C,C,0.443,0.001
bp_205,A,T,A,-0.641,0.001
bp_206,C,T,T,-1.177,0.001
bp_207,C,C,C,0.443,0.001
bp_208,A,A,G,-0.932,0.001
bp_209,A,T,T,-1.587,0
bp_210,C,C,G,-1.499,0
bp_211,T,G,A,-1.987,0
bp_212,C,T,G,-1.956,0
bp_213,C,G,C,-0.578,0
bp_214,T,A,C,-1.952,0
bp_215,T,G,T,-0.57,0
bp_216,C,C,G,-1.499,0
bp_217,A,C,G,-1.778,0
bp_218,T,T,C,-1.13,0
bp_219,C,G,G,-1.38,0.001
bp_220,G,G,G,0.596,0.001
bp_221,T,C,C,-1.258,0
bp_222,G,T,C,-1.984,0
bp_223,A,G,G,-0.918,0
bp_224,G,C,C,-1.541,0
bp_225,C,T,C,-0.405,0
bp_226,C,G,G,-1.38,0
bp_227,T,C,A,-2.102,0
bp_228,G,C,C,-1.541,0
bp_229,G,G,C,-1.335,0
bp_230,C,A,T,-1.961,0
bp_231,G,C,C,-1.541,0
bp_232,G,C,C,-1.541,0
bp_233,C,T,T,-1.177,0.001
bp_234,C,C,C,0.443,0.001
bp_235,G,C,C,-1.541,0.001
bp_236,C,T,T,-1.177,0.001
bp_237,C,C,C,0.443,0.001
bp_238,G,C,G,-0.511,0.001
bp_239,A,T,C,-2.147,0
bp_240,C,C,T,-1.214,0
bp_241,C,G,C,-0.578,0
bp_242,T,C,T,-0.39,0
bp_243,C,G,C,-0.578,0.001
bp_244,C,G,C,-0.578,0.001
bp_245,T,T,T,0.499,0.001
bp_246,C,G,G,-1.38,0.001
bp_247,C,C,G,-1.499,0.001
bp_248,T,T,T,0.499,0.001
bp_249,C,G,G,-1.38,0.001
bp_250,G,G,C,-1.335,0.001
bp_251,C,T,T,-1.177,0.001
bp_252,T,G,G,-1.432,0.001
bp_253,C,C,C,0.443,0.001
bp_254,T,T,C,-1.13,0.001
bp_255,C,G,G,-1.38,0.001
bp_256,C,C,C,0.443,0.001
bp_257,T,C,T,-0.39,0.001
bp_258,G,T,C,-1.984,0
bp_259,G,C,T,-1.99,0
bp_260,T,T,T,0.499,0.001
bp_261,G,C,C,-1.541,0
bp_262,C,T,G,-1.956,0
bp_263,T,T,T,0.499,0.001
bp_264,G,T,C,-1.984,0
bp_265,C,G,T,-1.876,0
bp_266,C,T,A,-2.092,0
bp_267,G,C,C,-1.541,0
bp_268,C,T,T,-1.177,0
bp_269,T,A,C,-1.952,0
bp_270,C,C,C,0.443,0.001
bp_271,T,T,G,-1.428,0
bp_272,T,C,A,-2.102,0
bp_273,C,C,G,-1.499,0.001
bp_274,G,G,G,0.596,0.001
bp_275,T,A,T,-0.637,0.001
bp_276,C,G,C,-0.578,0
bp_277,T,G,C,-1.875,0
bp_278,A,T,A,-0.641,0
bp_279,C,C,A,-1.661,0
bp_280,T,C,G,-1.955,0
bp_281,C,A,G,-1.901,0
bp_282,C,G,T,-1.876,0
bp_283,G,G,G,0.596,0.001
bp_284,A,G,G,-0.918,0
bp_285,G,T,C,-1.984,0
bp_286,G,G,G,0.596,0.001
bp_287,T,G,C,-1.875,0
bp_288,C,C,G,-1.499,0
bp_289,C,G,T,-1.876,0
bp_290,A,T,G,-1.777,0
bp_291,G,G,G,0.596,0.001
bp_292,G,T,C,-1.984,0
bp_293,G,G,T,-1.38,0
bp_294,T,G,G,-1.432,0
bp_295,G,C,C,-1.541,0
bp_296,G,T,T,-1.483,0
bp_297,C,C,G,-1.499,0
bp_298,G,C,A,-1.771,0
bp_299,C,T,G,-1.956,0
bp_300,G,G,C,-1.335,0
bp_301,T,A,C,-1.952,0
bp_302,G,G,C,-1.335,0
bp_303,G,C,C,-1.541,0
bp_304,C,C,C,0.443,0.001
bp_305,T,C,G,-1.955,0
bp_306,G,C,C,-1.541,0.001
bp_307,C,C,C,0.443,0.001
bp_308,T,G,T,-0.57,0.001
bp_309,G,T,G,-0.528,0
bp_310,A,C,T,-2.12,0
bp_311,G,T,G,-0.528,0
bp_312,C,C,C,0.443,0.001
bp_313,C,T,G,-1.956,0
bp_314,C,G,A,-2.001,0
bp_315,C,T,C,-0.405,0
bp_316,C,G,G,-1.38,0
bp_317,G,A,C,-1.87,0
bp_318,C,C,C,0.443,0.001
bp_319,C,A,C,-0.683,0.001
bp_320,T,C,T,-0.39,0
bp_321,G,G,C,-1.335,0
bp_322,T,C,A,-2.102,0
bp_323,G,T,T,-1.483,0
bp_324,C,C,G,-1.499,0
bp_325,G,A,G,-0.265,0
bp_326,A,T,C,-2.147,0
bp_327,C,G,C,-0.578,0
bp_328,G,G,A,-0.872,0
bp_329,C,C,T,-1.214,0
bp_330,C,C,G,-1.499,0
bp_331,C,A,G,-1.901,0
bp_332,T,T,A,-1.538,0
bp_333,C,G,C,-0.578,0
bp_334,A,G,G,-0.918,0
bp_335,T,A,T,-0.637,0
bp_336,G,C,C,-1.541,0
bp_337,G,G,A,-0.872,0
bp_338,C,T,T,-1.177,0
bp_339,C,C,G,-1.499,0.001
bp_340,A,A,C,-1.557,0.001
bp_341,T,T,T,0.499,0.002
bp_342,G,G,G,0.596,0.001
bp_343,G,C,T,-1.99,0
bp_344,A,T,G,-1.777,0
bp_345,C,G,C,-0.578,0
bp_346,G,T,A,-1.773,0
bp_347,T,G,C,-1.875,0
bp_348,C,C,C,0.443,0.001
bp_349,A,A,G,-0.932,0
bp_350,T,C,C,-1.258,0
bp_351,G,C,C,-1.541,0
bp_352,C,G,T,-1.876,0
bp_353,T,C,C,-1.258,0
bp_354,G,C,T,-1.99,0
bp_355,T,T,A,-1.538,0
bp_356,G,C,T,-1.99,0
bp_357,C,C,C,0.443,0.001
bp_358,A,A,T,-1.538,0.001
bp_359,C,T,T,-1.177,0.001
bp_360,C,C,C,0.443,0.001
bp_361,G,T,A,-1.773,0
bp_362,C,T,A,-2.092,0
bp_363,C,C,C,0.443,0
bp_364,T,A,C,-1.952,0
bp_365,C,A,T,-1.961,0
bp_366,C,C,G,-1.499,0
bp_367,A,C,T,-2.12,0
bp_368,T,T,G,-1.428,0
bp_369,C,G,C,-0.578,0
bp_370,T,T,G,-1.428,0
bp_371,T,G,C,-1.875,0
bp_372,C,C,C,0.443,0.001
bp_373,A,G,A,-0.287,0.001
bp_374,A,C,T,-2.12,0
bp_375,C,C,C,0.443,0.001
bp_376,C,A,A,-1.635,0.001
bp_377,T,T,G,-1.428,0
bp_378,G,C,C,-1.541,0
bp_379,T,A,G,-1.919,0
bp_380,G,G,T,-1.38,0
bp_381,C,C,G,-1.499,0.001
bp_382,G,G,G,0.596,0.001
bp_383,C,T,A,-2.092,0
bp_384,C,G,C,-0.578,0
bp_385,A,G,A,-0.287,0
bp_386,T,A,G,-1.919,0
bp_387,C,C,G,-1.499,0
bp_388,A,A,T,-1.538,0
bp_389,G,G,T,-1.38,0.001
bp_390,C,G,C,-0.578,0.001
bp_391,G,T,G,-0.528,0.001
bp_392,T,T,T,0.499,0.001
bp_393,G,C,G,-0.511,0.001
bp_394,G,G,G,0.596,0.001
bp_395,A,T,C,-2.147,0
bp_396,C,G,C,-0.578,0
bp_397,A,G,G,-0.918,0
bp_398,G,C,T,-1.99,0
bp_399,G,C,G,-0.511,0
bp_400,T,G,G,-1.432,0
bp_401,T,T,C,-1.13,0
bp_402,C,G,C,-0.578,0
bp_403,G,A,G,-0.265,0
bp_404,T,C,T,-0.39,0
bp_405,G,C,G,-0.511,0
bp_406,G,G,C,-1.335,0
bp_407,C,T,C,-0.405,0
bp_408,C,G,G,-1.38,0.001
bp_409,G,C,C,-1.541,0.001
bp_410,T,C,T,-0.39,0.001
bp_411,G,G,G,0.596,0.001
bp_412,G,C,C,-1.541,0
bp_413,C,T,G,-1.956,0
bp_414,C,G,C,-0.578,0
bp_415,G,C,T,-1.99,0
bp_416,T,G,A,-1.987,0
bp_417,G,C,C,-1.541,0
bp_418,C,T,A,-2.092,0
bp_419,C,A,A,-1.635,0
bp_420,G,C,C,-1.541,0
bp_421,C,A,C,-0.683,0
bp_422,T,A,G,-1.919,0
bp_423,G,C,C,-1.541,0
bp_424,C,C,C,0.443,0.001
bp_425,G,A,A,-0.973,0
bp_426,C,G,G,-1.38,0
bp_427,T,C,G,-1.955,0
bp_428,A,A,G,-0.932,0
bp_429,C,G,C,-0.578,0
bp_430,A,G,G,-0.918,0
bp_431,A,G,G,-0.918,0
bp_432,C,T,G,-1.956,0
bp_433,C,C,A,-1.661,0
bp_434,G,A,G,-0.265,0
bp_435,G,G,C,-1.335,0
bp_436,C,T,C,-0.405,0
bp_437,A,G,A,-0.287,0
bp_438,G,C,C,-1.541,0
bp_439,G,C,C,-1.541,0
bp_440,G,A,G,-0.265,0
bp_441,T,G,G,-1.432,0
bp_442,G,C,C,-1.541,0
bp_443,G,T,A,-1.773,0
bp_444,G,G,G,0.596,0.001
bp_445,A,C,C,-1.717,0.001
bp_446,G,T,T,-1.483,0.001
bp_447,C,G,G,-1.38,0.001
bp_448,C,C,C,0.443,0.001
bp_449,G,T,T,-1.483,0.001
bp_450,C,C,G,-1.499,0
bp_451,C,A,C,-0.683,0
bp_452,G,T,T,-1.483,0
bp_453,G,C,C,-1.541,0
bp_454,C,G,A,-2.001,0
bp_455,A,C,T,-2.12,0
bp_456,G,C,C,-1.541,0
bp_457,C,G,G,-1.38,0
bp_458,T,C,G,-1.955,0
bp_459,G,C,C,-1.541,0
bp_460,C,A,G,-1.901,0
bp_461,T,C,C,-1.258,0
bp_462,G,G,C,-1.335,0
bp_463,C,T,A,-2.092,0
bp_464,T,G,C,-1.875,0
bp_465,C,G,G,-1.38,0
bp_466,A,C,T,-2.12,0
bp_467,T,T,G,-1.428,0
bp_468,C,G,G,-1.38,0
bp_469,G,C,C,-1.541,0
bp_470,G,T,T,-1.483,0
bp_471,C,G,G,-1.38,0
bp_472,G,T,C,-1.984,0
bp_473,C,C,T,-1.214,0
bp_474,C,C,G,-1.499,0
bp_475,A,G,T,-1.957,0
bp_476,C,C,C,0.443,0.001
bp_477,G,C,C,-1.541,0.001
bp_478,T,G,G,-1.432,0
bp_479,G,C,C,-1.541,0
bp_480,G,G,A,-0.872,0.001
bp_481,C,G,G,-1.38,0.001
bp_482,T,T,C,-1.13,0.001
bp_483,G,G,G,0.596,0.001
bp_484,C,G,G,-1.38,0.001
bp_485,T,C,T,-0.39,0.001
bp_486,G,T,G,-0.528,0.001
bp_487,T,T,G,-1.428,0.001
bp_488,C,C,C,0.443,0.001
bp_489,C,G,G,-1.38,0.001
bp_490,G,C,G,-0.511,0.001
bp_491,C,C,C,0.443,0.002
bp_492,G,A,G,-0.265,0.001
bp_493,G,G,C,-1.335,0.001
bp_494,C,T,C,-0.405,0.002
bp_495,G,G,C,-1.335,0.002
bp_496,G,G,G,0.596,0.003
bp_497,T,T,T,0.499,0.003
bp_498,G,G,G,0.596,0.003
bp_499,G,T,C,-1.984,0.001
bp_500,C,G,T,-1.876,0
bp_501,G,T,G,-0.528,0
bp_502,G,G,T,-1.38,0
bp_503,C,G,G,-1.38,0
bp_504,G,C,C,-1.541,0
bp_505,C,C,G,-1.499,0
bp_506,C,T,G,-1.956,0
bp_507,C,C,C,0.443,0
bp_508,G,A,C,-1.87,0
bp_509,T,A,T,-0.637,0
bp_510,A,T,C,-2.147,0
bp_511,C,G,A,-2.001,0
bp_512,T,A,A,-1.601,0
bp_513,G,T,C,-1.984,0
bp_514,T,G,G,-1.432,0
bp_515,G,T,A,-1.773,0
bp_516,C,G,C,-0.578,0
bp_517,G,C,G,-0.511,0
bp_518,G,C,T,-1.99,0
bp_519,C,C,G,-1.499,0
bp_520,C,G,C,-0.578,0
bp_521,T,G,G,-1.432,0.001
bp_522,C,C,C,0.443,0.001
bp_523,A,C,G,-1.778,0
bp_524,A,G,G,-0.918,0.001
bp_525,C,C,C,0.443,0.001
bp_526,G,G,C,-1.335,0.001
bp_527,A,A,G,-0.932,0
bp_528,C,T,T,-1.177,0
bp_529,G,C,G,-0.511,0
bp_530,T,C,A,-2.102,0
bp_531,G,G,C,-1.335,0
bp_532,C,G,C,-0.578,0.001
bp_533,G,C,C,-1.541,0.001
bp_534,C,C,C,0.443,0.001
bp_535,G,G,G,0.596,0.001
bp_536,G,T,C,-1.984,0
bp_537,C,G,C,-0.578,0
bp_538,C,T,G,-1.956,0
bp_539,G,G,T,-1.38,0
bp_540,C,C,G,-1.499,0
bp_541,G,T,T,-1.483,0.001
bp_542,A,G,G,-0.918,0.001
bp_543,C,C,C,0.443,0.001
bp_544,C,C,C,0.443,0.001
bp_545,C,T,G,-1.956,0
bp_546,C,G,C,-0.578,0
bp_547,G,G,C,-1.335,0
bp_548,C,A,T,-1.961,0
bp_549,C,G,G,-1.38,0
bp_550,G,A,G,-0.265,0
bp_551,T,A,A,-1.601,0
bp_552,G,C,G,-0.511,0
bp_553,T,C,G,-1.955,0
bp_554,G,G,A,-0.872,0
bp_555,C,A,C,-0.683,0
bp_556,C,G,C,-0.578,0
bp_557,G,A,G,-0.265,0.001
bp_558,C,C,C,0.443,0.001
bp_559,C,T,G,-1.956,0
bp_560,T,A,A,-1.601,0
bp_561,G,T,C,-1.984,0
bp_562,G,G,T,-1.38,0
bp_563,A,T,A,-0.641,0
bp_564,G,G,C,-1.335,0.001
bp_565,G,G,G,0.596,0.001
bp_566,A,T,T,-1.587,0.001
bp_567,C,C,G,-1.499,0
bp_568,C,T,G,-1.956,0
bp_569,G,A,T,-1.901,0
bp_570,C,C,C,0.443,0.001
bp_571,G,T,T,-1.483,0.001
bp_572,A,C,A,-0.659,0.001
bp_573,C,G,C,-0.578,0.001
bp_574,T,T,T,0.499,0.001
bp_575,A,C,C,-1.717,0.001
bp_576,C,C,G,-1.499,0.001
bp_577,G,G,T,-1.38,0
bp_578,T,T,C,-1.13,0
bp_579,G,C,C,-1.541,0
bp_580,G,T,G,-0.528,0
bp_581,T,G,T,-0.57,0.001
bp_582,C,C,G,-1.499,0.001
bp_583,T,T,T,0.499,0.001
bp_584,A,C,G,-1.778,0.001
bp_585,C,C,C,0.443,0.002
bp_586,T,T,T,0.499,0.002
bp_587,C,T,C,-0.405,0.002
bp_588,G,C,C,-1.541,0.001
bp_589,T,T,T,0.499,0.002
bp_590,C,T,T,-1.177,0.001
bp_591,C,C,C,0.443,0.001
bp_592,G,C,T,-1.99,0.001
bp_593,T,T,T,0.499,0.001
bp_594,G,G,C,-1.335,0.001
bp_595,T,C,C,-1.258,0
bp_596,G,C,T,-1.99,0
bp_597,C,C,A,-1.661,0
bp_598,T,T,C,-1.13,0
bp_599,C,G,C,-0.578,0
bp_600,C,T,C,-0.405,0
bp_601,T,C,T,-0.39,0
bp_602,T,C,G,-1.955,0
bp_603,C,G,T,-1.876,0
bp_604,T,C,C,-1.258,0
bp_605,T,T,C,-1.13,0
bp_606,C,C,G,-1.499,0
bp_607,C,A,C,-0.683,0
bp_608,T,T,T,0.499,0.001
bp_609,A,G,C,-1.975,0
bp_610,C,C,A,-1.661,0
bp_611,C,T,T,-1.177,0
bp_612,C,A,G,-1.901,0
bp_613,T,C,C,-1.258,0
bp_614,G,T,T,-1.483,0
bp_615,C,G,G,-1.38,0.001
bp_616,C,C,C,0.443,0.001
bp_617,C,T,T,-1.177,0.001
bp_618,G,T,G,-0.528,0.001
bp_619,C,T,C,-0.405,0.001
bp_620,T,A,T,-0.637,0.001
bp_621,C,C,C,0.443,0.001
bp_622,A,T,T,-1.587,0
bp_623,T,G,A,-1.987,0
bp_624,G,G,C,-1.335,0
bp_625,C,G,T,-1.876,0
bp_626,T,C,G,-1.955,0
bp_627,G,C,G,-0.511,0
bp_628,C,A,G,-1.901,0
bp_629,T,C,C,-1.258,0
bp_630,G,T,C,-1.984,0
bp_631,C,T,A,-2.092,0
bp_632,T,T,C,-1.13,0
bp_633,C,C,G,-1.499,0
bp_634,T,C,T,-0.39,0
bp_635,A,G,T,-1.957,0
bp_636,C,C,C,0.443,0.001
bp_637,T,G,C,-1.875,0
bp_638,G,G,G,0.596,0.001
bp_639,G,C,C,-1.541,0.001
bp_640,G,C,G,-0.511,0
bp_641,C,T,G,-1.956,0
bp_642,C,G,C,-0.578,0
bp_643,A,C,C,-1.717,0
bp_644,C,G,T,-1.876,0
bp_645,G,G,G,0.596,0.001
bp_646,T,C,C,-1.258,0.001
bp_647,T,G,G,-1.432,0.001
bp_648,C,C,G,-1.499,0.001
bp_649,C,T,C,-0.405,0.001
bp_650,G,G,G,0.596,0.001
bp_651,C,G,C,-0.578,0.001
bp_652,G,G,T,-1.38,0.001
bp_653,G,A,G,-0.265,0.001
bp_654,C,G,G,-1.38,0
bp_655,C,G,G,-1.38,0
bp_656,T,C,A,-2.102,0
bp_657,G,A,G,-0.265,0
bp_658,C,G,G,-1.38,0
bp_659,A,C,T,-2.12,0
bp_660,G,C,G,-0.511,0
bp_661,C,C,G,-1.499,0
bp_662,G,G,C,-1.335,0
bp_663,C,G,C,-0.578,0
bp_664,T,C,C,-1.258,0
bp_665,G,A,G,-0.265,0
bp_666,G,C,T,-1.99,0
bp_667,G,A,C,-1.87,0
bp_668,A,C,G,-1.778,0
bp_669,G,C,C,-1.541,0
bp_670,G,A,G,-0.265,0
bp_671,T,A,C,-1.952,0
bp_672,G,A,C,-1.87,0
bp_673,G,C,A,-1.771,0
bp_674,C,T,A,-2.092,0
bp_675,A,T,G,-1.777,0
bp_676,C,C,C,0.443,0
bp_677,G,A,T,-1.901,0
bp_678,T,C,G,-1.955,0
bp_679,C,A,C,-0.683,0
bp_680,G,G,A,-0.872,0.001
bp_681,C,C,C,0.443,0.001
bp_682,G,C,G,-0.511,0.001
bp_683,C,G,G,-1.38,0.001
bp_684,C,C,C,0.443,0.001
bp_685,A,G,C,-1.975,0
bp_686,A,C,G,-1.778,0
bp_687,G,G,C,-1.335,0
bp_688,C,C,G,-1.499,0.001
bp_689,T,C,C,-1.258,0.001
bp_690,G,G,G,0.596,0.002
bp_691,C,C,C,0.443,0.002
bp_692,A,G,C,-1.975,0.001
bp_693,C,C,C,0.443,0.002
bp_694,G,C,C,-1.541,0.002
bp_695,G,G,G,0.596,0.002
bp_696,C,A,C,-0.683,0.002
bp_697,C,C,C,0.443,0.002
bp_698,G,C,G,-0.511,0.001
bp_699,C,C,A,-1.661,0
bp_700,G,A,C,-1.87,0
bp_701,C,G,C,-0.578,0
bp_702,G,C,C,-1.541,0
bp_703,C,G,A,-2.001,0
bp_704,C,G,G,-1.38,0.001
bp_705,C,C,C,0.443,0.001
bp_706,C,C,G,-1.499,0.001
bp_707,G,C,G,-0.511,0.001
bp_708,C,C,C,0.443,0.001
bp_709,C,G,C,-0.578,0.001
bp_710,G,G,C,-1.335,0.001
bp_711,A,C,C,-1.717,0
bp_712,C,C,G,-1.499,0
bp_713,C,C,G,-1.499,0
bp_714,C,G,C,-0.578,0
bp_715,A,C,C,-1.717,0
bp_716,G,C,C,-1.541,0
bp_717,C,G,T,-1.876,0
bp_718,G,G,C,-1.335,0
bp_719,G,T,C,-1.984,0
bp_720,C,G,T,-1.876,0
bp_721,C,T,T,-1.177,0
bp_722,C,C,C,0.443,0.001
bp_723,T,G,C,-1.875,0
bp_724,G,G,C,-1.335,0.001
bp_725,G,A,C,-1.87,0.001
bp_726,C,C,C,0.443,0.002
bp_727,C,C,C,0.443,0.003
bp_728,C,C,C,0.443,0.003
bp_729,G,T,G,-0.528,0.002
bp_730,C,A,C,-0.683,0.002
bp_731,C,C,C,0.443,0.003
bp_732,T,T,T,0.499,0.003
bp_733,T,C,T,-0.39,0.001
bp_734,C,A,C,-0.683,0.001
bp_735,C,G,C,-0.578,0.001
bp_736,C,G,C,-0.578,0
bp_737,C,G,C,-0.578,0
bp_738,C,T,A,-2.092,0
bp_739,A,C,G,-1.778,0
bp_740,C,C,G,-1.499,0
bp_741,G,C,A,-1.771,0
bp_742,C,T,C,-0.405,0
bp_743,C,T,C,-0.405,0
bp_744,A,C,C,-1.717,0
bp_745,C,T,G,-1.956,0
bp_746,C,T,C,-0.405,0
bp_747,C,C,G,-1.499,0
bp_748,G,C,C,-1.541,0
bp_749,C,C,C,0.443,0.001
bp_750,G,A,C,-1.87,0
bp_751,C,G,C,-0.578,0
bp_752,C,A,G,-1.901,0
bp_753,C,C,C,0.443,0.001
bp_754,C,T,C,-0.405,0.001
bp_755,G,G,T,-1.38,0.001
bp_756,C,C,C,0.443,0.002
bp_757,C,C,C,0.443,0.002
bp_758,T,C,C,-1.258,0.001
bp_759,C,A,C,-0.683,0.001
bp_760,C,C,C,0.443,0.001
bp_761,C,C,A,-1.661,0.001
bp_762,C,T,G,-1.956,0
bp_763,C,C,G,-1.499,0
bp_764,A,C,A,-0.659,0
bp_765,G,C,C,-1.541,0
bp_766,G,T,C,-1.984,0
bp_767,A,T,C,-2.147,0
bp_768,C,A,C,-0.683,0
bp_769,C,C,T,-1.214,0
bp_770,C,C,G,-1.499,0.001
bp_771,C,C,C,0.443,0.001
bp_772,T,A,G,-1.919,0.001
bp_773,G,G,G,0.596,0.002
bp_774,C,C,C,0.443,0.002
bp_775,G,C,C,-1.541,0.001
bp_776,G,T,C,-1.984,0
bp_777,C,C,C,0.443,0.001
bp_778,C,C,G,-1.499,0
bp_779,C,G,A,-2.001,0
bp_780,C,G,C,-0.578,0
bp_781,G,A,T,-1.901,0
bp_782,A,C,G,-1.778,0
bp_783,C,G,C,-0.578,0
bp_784,T,A,G,-1.919,0
bp_785,G,G,C,-1.335,0
bp_786,T,C,G,-1.955,0
bp_787,G,C,C,-1.541,0
bp_788,C,C,C,0.443,0.001
bp_789,G,C,C,-1.541,0.001
bp_790,C,A,C,-0.683,0.001
bp_791,C,G,C,-0.578,0.001
bp_792,C,C,C,0.443,0.001
bp_793,C,G,G,-1.38,0.001
bp_794,C,A,C,-0.683,0
bp_795,C,C,G,-1.499,0
bp_796,G,T,C,-1.984,0
bp_797,C,C,C,0.443,0.001
bp_798,G,C,C,-1.541,0
bp_799,C,A,G,-1.901,0
bp_800,C,G,G,-1.38,0
bp_801,C,C,C,0.443,0.001
bp_802,G,A,C,-1.87,0
bp_803,G,G,C,-1.335,0
bp_804,C,G,T,-1.876,0
bp_805,C,C,C,0.443,0.001
bp_806,T,C,C,-1.258,0
bp_807,T,G,C,-1.875,0
bp_808,C,G,C,-0.578,0
bp_809,C,A,A,-1.635,0
bp_810,C,G,G,-1.38,0
bp_811,C,T,G,-1.956,0
bp_812,G,C,G,-0.511,0
bp_813,G,A,T,-1.901,0
bp_814,G,G,C,-1.335,0
bp_815,G,A,C,-1.87,0
bp_816,T,G,C,-1.875,0
bp_817,C,C,T,-1.214,0
bp_818,C,T,G,-1.956,0
bp_819,C,C,C,0.443,0.001
bp_820,T,T,G,-1.428,0.001
bp_821,G,C,G,-0.511,0
bp_822,C,T,C,-0.405,0
bp_823,G,C,C,-1.541,0
bp_824,G,A,C,-1.87,0
bp_825,C,G,C,-0.578,0
bp_826,C,A,G,-1.901,0
bp_827,C,G,A,-2.001,0
bp_828,C,A,C,-0.683,0
bp_829,G,C,C,-1.541,0
bp_830,A,C,G,-1.778,0
bp_831,C,C,T,-1.214,0
bp_832,T,T,G,-1.428,0
bp_833,G,G,C,-1.335,0
bp_834,T,C,G,-1.955,0
bp_835,G,A,C,-1.87,0
bp_836,C,G,C,-0.578,0.001
bp_837,G,C,C,-1.541,0.001
bp_838,C,C,C,0.443,0.002
bp_839,C,C,C,0.443,0.002
bp_840,C,C,A,-1.661,0.002
bp_841,G,G,G,0.596,0.002
bp_842,C,G,C,-0.578,0.001
bp_843,C,G,G,-1.38,0.001
bp_844,G,T,C,-1.984,0
bp_845,C,G,C,-0.578,0
bp_846,G,T,C,-1.984,0
bp_847,C,C,G,-1.499,0
bp_848,C,T,G,-1.956,0
bp_849,C,G,C,-0.578,0
bp_850,A,C,C,-1.717,0
bp_851,G,T,T,-1.483,0
bp_852,C,C,T,-1.214,0
bp_853,C,G,C,-0.578,0
bp_854,T,C,C,-1.258,0
bp_855,C,T,C,-0.405,0
bp_856,C,G,C,-0.578,0
bp_857,C,A,A,-1.635,0
bp_858,C,T,G,-1.956,0
bp_859,C,G,G,-1.38,0
bp_860,A,C,G,-1.778,0
bp_861,G,A,T,-1.901,0
bp_862,G,G,C,-1.335,0
bp_863,A,C,T,-2.12,0
bp_864,C,T,C,-0.405,0
bp_865,C,C,C,0.443,0.001
bp_866,C,T,G,-1.956,0
bp_867,C,C,C,0.443,0.001
bp_868,T,C,G,-1.955,0
bp_869,G,C,G,-0.511,0
bp_870,T,G,C,-1.875,0
bp_871,G,C,C,-1.541,0
bp_872,G,A,C,-1.87,0
bp_873,C,A,C,-0.683,0
bp_874,C,C,A,-1.661,0
bp_875,C,C,A,-1.661,0
bp_876,C,T,C,-0.405,0
bp_877,G,C,T,-1.99,0
bp_878,A,C,G,-1.778,0
bp_879,C,T,T,-1.177,0
bp_880,T,G,G,-1.432,0
bp_881,G,A,C,-1.87,0
bp_882,T,G,G,-1.432,0
bp_883,G,C,T,-1.99,0
bp_884,C,C,C,0.443,0.001
bp_885,G,G,C,-1.335,0.001
bp_886,C,T,C,-0.405,0.001
bp_887,C,C,C,0.443,0.001
bp_888,C,T,C,-0.405,0.001
bp_889,C,T,G,-1.956,0
bp_890,C,C,T,-1.214,0
bp_891,C,C,G,-1.499,0
bp_892,G,C,C,-1.541,0
bp_893,C,G,C,-0.578,0
bp_894,G,C,C,-1.541,0
bp_895,C,A,G,-1.901,0
bp_896,C,G,G,-1.38,0
bp_897,C,A,C,-0.683,0
bp_898,G,A,C,-1.87,0
bp_899,G,G,T,-1.38,0
bp_900,C,G,C,-0.578,0
bp_901,C,A,C,-0.683,0
bp_902,T,G,C,-1.875,0
bp_903,C,A,C,-0.683,0
bp_904,C,G,C,-0.578,0
bp_905,C,G,C,-0.578,0
bp_906,C,C,G,-1.499,0
bp_907,C,G,G,-1.38,0
bp_908,C,C,A,-1.661,0
bp_909,G,C,C,-1.541,0
bp_910,G,A,T,-1.901,0
bp_911,A,A,C,-1.557,0
bp_912,C,G,C,-0.578,0
bp_913,C,A,T,-1.961,0
bp_914,C,T,G,-1.956,0
bp_915,C,C,C,0.443,0
bp_916,T,A,G,-1.919,0
bp_917,G,C,A,-1.771,0
bp_918,C,G,C,-0.578,0
bp_919,G,G,T,-1.38,0
bp_920,G,G,C,-1.335,0
bp_921,C,A,C,-0.683,0
bp_922,T,A,A,-1.601,0
bp_923,C,G,A,-2.001,0
bp_924,C,G,C,-0.578,0
bp_925,A,G,T,-1.957,0
bp_926,A,A,G,-0.932,0
bp_927,C,G,T,-1.876,0
bp_928,T,C,G,-1.955,0
bp_929,G,G,C,-1.335,0
bp_930,T,C,G,-1.955,0
bp_931,G,A,C,-1.87,0
bp_932,C,A,C,-0.683,0
bp_933,T,G,C,-1.875,0
bp_934,C,G,C,-0.578,0
bp_935,C,C,C,0.443,0.001
bp_936,C,A,A,-1.635,0
bp_937,C,A,G,-1.901,0
bp_938,C,T,A,-2.092,0
bp_939,C,G,C,-0.578,0
bp_940,G,A,G,-0.265,0
bp_941,A,G,C,-1.975,0
bp_942,C,A,C,-0.683,0.001
bp_943,G,G,G,0.596,0.001
bp_944,C,T,T,-1.177,0.001
bp_945,C,C,C,0.443,0.001
bp_946,G,C,C,-1.541,0.001
bp_947,T,T,G,-1.428,0
bp_948,C,G,A,-2.001,0
bp_949,A,C,G,-1.778,0
bp_950,G,C,C,-1.541,0
bp_951,A,G,C,-1.975,0
bp_952,G,G,G,0.596,0.001
bp_953,C,T,C,-0.405,0.001
bp_954,C,G,T,-1.876,0
bp_955,G,G,G,0.596,0.001
bp_956,C,T,C,-0.405,0
bp_957,C,A,G,-1.901,0
bp_958,G,G,C,-1.335,0
bp_959,C,T,T,-1.177,0
bp_960,G,C,C,-1.541,0
bp_961,C,G,C,-0.578,0
bp_962,T,G,C,-1.875,0
bp_963,C,G,A,-2.001,0
bp_964,C,G,C,-0.578,0
bp_965,C,C,C,0.443,0.001
bp_966,A,C,C,-1.717,0
bp_967,C,T,C,-0.405,0
bp_968,C,T,A,-2.092,0
bp_969,C,C,G,-1.499,0
bp_970,C,C,A,-1.661,0
bp_971,A,T,C,-2.147,0
bp_972,G,G,C,-1.335,0
bp_973,A,G,C,-1.975,0
bp_974,C,T,C,-0.405,0
bp_975,T,G,A,-1.987,0
bp_976,C,T,C,-0.405,0
bp_977,C,G,C,-0.578,0
bp_978,A,T,G,-1.777,0
bp_979,C,T,C,-0.405,0
bp_980,C,G,A,-2.001,0
bp_981,G,G,G,0.596,0.001
bp_982,C,A,A,-1.635,0.001
bp_983,A,C,C,-1.717,0
bp_984,G,G,C,-1.335,0
bp_985,A,C,C,-1.717,0
bp_986,C,C,G,-1.499,0
bp_987,C,T,C,-0.405,0
bp_988,C,T,A,-2.092,0
bp_989,G,T,G,-0.528,0
bp_990,C,C,G,-1.499,0
bp_991,A,T,A,-0.641,0
bp_992,G,T,G,-0.528,0
bp_993,G,C,G,-0.511,0
bp_994,A,G,C,-1.975,0
bp_995,G,T,G,-0.528,0.001
bp_996,G,G,G,0.596,0.001
bp_997,C,G,C,-0.578,0.001
bp_998,G,T,G,-0.528,0.001
bp_999,G,G,T,-1.38,0
bp_1000,C,C,G,-1.499,0
bp_1001,G,A,C,-1.87,0
bp_1002,T,C,C,-1.258,0
bp_1003,G,A,A,-0.973,0
bp_1004,C,T,A,-2.092,0
bp_1005,C,C,G,-1.499,0
bp_1006,A,A,A,0.49,0.001
bp_1007,A,C,T,-2.12,0
bp_1008,G,G,C,-1.335,0
bp_1009,A,C,A,-0.659,0
bp_1010,T,G,C,-1.875,0
bp_1011,C,G,C,-0.578,0
bp_1012,A,G,G,-0.918,0
bp_1013,C,C,G,-1.499,0
bp_1014,C,G,C,-0.578,0
bp_1015,G,C,C,-1.541,0
bp_1016,G,T,G,-0.528,0
bp_1017,C,G,G,-1.38,0
bp_1018,C,T,G,-1.956,0
bp_1019,G,G,A,-0.872,0
bp_1020,G,T,G,-0.528,0
bp_1021,G,C,C,-1.541,0
bp_1022,A,C,G,-1.778,0
bp_1023,G,G,C,-1.335,0
bp_1024,C,G,A,-2.001,0
bp_1025,G,C,A,-1.771,0
bp_1026,C,T,G,-1.956,0
bp_1027,A,T,G,-1.777,0
bp_1028,A,G,C,-1.975,0
bp_1029,G,C,C,-1.541,0
bp_1030,G,T,A,-1.773,0
bp_1031,C,T,T,-1.177,0
bp_1032,C,C,G,-1.499,0
bp_1033,A,G,A,-0.287,0
bp_1034,T,T,G,-1.428,0.001
bp_1035,G,G,G,0.596,0.001
bp_1036,A,T,G,-1.777,0
bp_1037,G,C,T,-1.99,0
bp_1038,G,T,C,-1.984,0
bp_1039,G,C,C,-1.541,0
bp_1040,T,C,T,-0.39,0
bp_1041,C,G,G,-1.38,0.001
bp_1042,C,C,C,0.443,0.001
bp_1043,T,G,C,-1.875,0
bp_1044,G,C,T,-1.99,0
bp_1045,C,C,G,-1.499,0.001
bp_1046,C,T,T,-1.177,0.001
bp_1047,G,G,G,0.596,0.003
bp_1048,G,G,G,0.596,0.003
bp_1049,T,T,T,0.499,0.002
bp_1050,G,C,A,-1.771,0.001
bp_1051,G,A,G,-0.265,0.001
bp_1052,T,G,T,-0.57,0
bp_1053,G,T,C,-1.984,0
bp_1054,G,G,G,0.596,0.001
bp_1055,T,C,G,-1.955,0
bp_1056,C,C,G,-1.499,0
bp_1057,G,G,G,0.596,0.001
bp_1058,G,T,C,-1.984,0
bp_1059,G,C,C,-1.541,0
bp_1060,G,A,T,-1.901,0
bp_1061,C,C,T,-1.214,0.001
bp_1062,C,C,C,0.443,0.001
bp_1063,T,T,C,-1.13,0.001
bp_1064,T,G,T,-0.57,0.001
bp_1065,C,G,G,-1.38,0.001
bp_1066,C,C,C,0.443,0.002
bp_1067,T,T,T,0.499,0.002
bp_1068,G,A,G,-0.265,0.001
bp_1069,C,G,T,-1.876,0
bp_1070,T,G,G,-1.432,0
bp_1071,G,C,C,-1.541,0.001
bp_1072,T,T,T,0.499,0.001
bp_1073,G,A,G,-0.265,0.001
bp_1074,C,T,G,-1.956,0
bp_1075,T,G,A,-1.987,0
bp_1076,G,T,C,-1.984,0
bp_1077,G,C,G,-0.511,0
bp_1078,A,A,C,-1.557,0
bp_1079,C,A,C,-0.683,0
bp_1080,G,C,C,-1.541,0
bp_1081,C,A,T,-1.961,0
bp_1082,C,G,T,-1.876,0
bp_1083,C,T,C,-0.405,0
bp_1084,T,G,T,-0.57,0
bp_1085,T,C,T,-0.39,0.001
bp_1086,C,C,C,0.443,0.001
bp_1087,T,C,G,-1.955,0.001
bp_1088,T,T,T,0.499,0.001
bp_1089,C,C,G,-1.499,0.001
bp_1090,G,A,G,-0.265,0.001
bp_1091,T,A,T,-0.637,0
bp_1092,G,C,G,-0.511,0
bp_1093,G,C,C,-1.541,0
bp_1094,T,C,A,-2.102,0
bp_1095,G,C,C,-1.541,0
bp_1096,C,A,A,-1.635,0.001
bp_1097,A,T,T,-1.587,0.001
bp_1098,C,C,C,0.443,0.002
bp_1099,A,A,A,0.49,0.002
bp_1100,T,T,C,-1.13,0.001
bp_1101,C,C,A,-1.661,0
bp_1102,A,T,C,-2.147,0
bp_1103,C,A,A,-1.635,0
bp_1104,G,C,G,-0.511,0
bp_1105,C,A,G,-1.901,0
bp_1106,A,C,C,-1.717,0
bp_1107,G,C,G,-0.511,0
bp_1108,G,A,C,-1.87,0
bp_1109,C,T,T,-1.177,0
bp_1110,G,C,G,-0.511,0
bp_1111,C,T,T,-1.177,0
bp_1112,T,T,G,-1.428,0
bp_1113,G,C,T,-1.99,0
bp_1114,T,A,C,-1.952,0
bp_1115,G,A,C,-1.87,0
bp_1116,T,C,T,-0.39,0
bp_1117,C,G,G,-1.38,0
bp_1118,C,C,C,0.443,0.001
bp_1119,T,G,C,-1.875,0
bp_1120,G,G,T,-1.38,0
bp_1121,C,A,G,-1.901,0
bp_1122,C,G,C,-0.578,0
bp_1123,T,T,T,0.499,0.001
bp_1124,G,T,C,-1.984,0
bp_1125,C,T,C,-0.405,0
bp_1126,T,C,G,-1.955,0
bp_1127,C,G,T,-1.876,0
bp_1128,C,A,G,-1.901,0
bp_1129,G,A,C,-1.87,0
bp_1130,T,G,C,-1.875,0
bp_1131,G,T,C,-1.984,0
bp_1132,C,G,C,-0.578,0
bp_1133,C,T,C,-0.405,0
bp_1134,C,C,G,-1.499,0
bp_1135,C,T,C,-0.405,0
bp_1136,C,T,G,-1.956,0
bp_1137,G,C,G,-0.511,0
bp_1138,C,C,C,0.443,0.001
bp_1139,G,G,T,-1.38,0.001
bp_1140,G,C,G,-0.511,0
bp_1141,C,A,G,-1.901,0
bp_1142,T,A,T,-0.637,0
bp_1143,G,G,T,-1.38,0
bp_1144,G,A,A,-0.973,0
bp_1145,T,C,G,-1.955,0
bp_1146,C,T,T,-1.177,0
bp_1147,A,C,G,-1.778,0
bp_1148,G,T,C,-1.984,0
bp_1149,C,C,G,-1.499,0
bp_1150,G,C,G,-0.511,0
bp_1151,C,G,T,-1.876,0
bp_1152,C,T,C,-0.405,0
bp_1153,G,C,A,-1.771,0
bp_1154,T,T,C,-1.13,0
bp_1155,C,C,C,0.443,0.001
bp_1156,A,C,T,-2.12,0
bp_1157,C,G,G,-1.38,0
bp_1158,C,C,G,-1.499,0
bp_1159,T,T,C,-1.13,0
bp_1160,G,G,T,-1.38,0
bp_1161,G,C,G,-0.511,0
bp_1162,C,T,G,-1.956,0
bp_1163,T,G,G,-1.432,0
bp_1164,G,A,C,-1.87,0
bp_1165,G,,T,-1.644,0
bp_1166,G,,A,-1.254,0
bp_1167,C,,C,0.135,0.001
bp_1168,T,,G,-1.674,0.001
bp_1169,A,,T,-1.75,0.001
bp_1170,C,,C,0.135,0.001
bp_1171,G,,A,-1.254,0.001
bp_1172,T,,A,-1.77,0.001
bp_1173,C,,C,0.135,0.001
bp_1174,A,,A,0.147,0.001
bp_1175,A,,G,-1.254,0.001
bp_1176,C,,C,0.135,0.001
bp_1177,A,,G,-1.254,0.001
bp_1178,G,,C,-1.64,0.001
bp_1179,C,,C,0.135,0.001
bp_1180,G,,C,-1.64,0.001
bp_1181,C,,T,-1.405,0.001
bp_1182,C,,C,0.135,0.001
bp_1183,C,,A,-1.788,0.001
bp_1184,T,,A,-1.77,0.001
bp_1185,C,,C,0.135,0.001
bp_1186,A,,C,-1.796,0.001
bp_1187,A,,C,-1.796,0.001
bp_1188,C,,C,0.135,0.001
bp_1189,C,,G,-1.652,0.001
bp_1190,C,,T,-1.405,0.001
bp_1191,C,,C,0.135,0.001
bp_1192,G,,A,-1.254,0.001
bp_1193,T,,T,0.148,0.001
bp_1194,C,,C,0.135,0.001
bp_1195,A,,T,-1.75,0.001
bp_1196,T,,A,-1.77,0.001
bp_1197,C,,C,0.135,0.001
bp_1198,T,,A,-1.77,0
bp_1199,A,,C,-1.796,0
bp_1200,C,,T,-1.405,0
bp_1201,A,,G,-1.254,0
bp_1202,C,,T,-1.405,0
bp_1203,T,,C,-1.406,0
bp_1204,G,,T,-1.644,0.001
bp_1205,T,,T,0.148,0.001
bp_1206,C,,C,0.135,0.001
bp_1207,T,,A,-1.77,0.001
bp_1208,T,,A,-1.77,0.001
bp_1209,C,,C,0.135,0.001
bp_1210,A,,G,-1.254,0.001
bp_1211,A,,C,-1.796,0.001
bp_1212,C,,C,0.135,0.001
bp_1213,G,,G,0.173,0.001
bp_1214,C,,A,-1.788,0.001
bp_1215,C,,G,-1.652,0
bp_1216,G,,T,-1.644,0
bp_1217,A,,T,-1.75,0
bp_1218,G,,C,-1.64,0
bp_1219,T,,C,-1.406,0
bp_1220,T,,G,-1.674,0
bp_1221,C,,C,0.135,0.001
bp_1222,C,,A,-1.788,0
bp_1223,G,,A,-1.254,0
bp_1224,C,,T,-1.405,0
bp_1225,A,,G,-1.254,0
bp_1226,A,,T,-1.75,0.001
bp_1227,C,,C,0.135,0.001
bp_1228,G,,T,-1.644,0.001
bp_1229,T,,T,0.148,0.001
bp_1230,C,,C,0.135,0.001
bp_1231,T,,C,-1.406,0.001
bp_1232,T,,G,-1.674,0.001
bp_1233,C,,C,0.135,0.001
bp_1234,C,,A,-1.788,0
bp_1235,G,,A,-1.254,0
bp_1236,C,,G,-1.652,0
bp_1237,A,,G,-1.254,0
bp_1238,A,,C,-1.796,0
bp_1239,G,,C,-1.64,0
bp_1240,G,,C,-1.64,0
bp_1241,C,,T,-1.405,0
bp_1242,C,,G,-1.652,0
bp_1243,C,,C,0.135,0.001
bp_1244,T,,G,-1.674,0
bp_1245,G,,T,-1.644,0
bp_1246,C,,G,-1.652,0
bp_1247,G,,C,-1.64,0.001
bp_1248,T,,C,-1.406,0.001
bp_1249,G,,T,-1.644,0.002
bp_1250,C,,G,-1.652,0.004
bp_1251,C,,C,0.135,0.01
bp_1252,T,,T,0.148,0.015
bp_1253,G,,G,0.173,0.02
bp_1254,C,,C,0.135,0.024
bp_1255,T,,T,0.148,0.027
bp_1256,G,,G,0.173,0.03
bp_1257,C,,A,-1.788,0.032
bp_1258,T,,,0,0.041
bp_1259,G,,,0,0.049
bp_1260,A,,,0,0.057
